{"cameraMode":{"drawMode":0,"name":"Shaded","section":"Shading Mode"},"sceneLighting":true,"audioPlay":false,"sceneViewState":{"m_AlwaysRefresh":false,"showFog":true,"showSkybox":true,"showFlares":true,"showImageEffects":true,"showParticleSystems":true,"showVisualEffectGraphs":true,"m_FxEnabled":true},"in2DMode":false,"pivot":{"x":-422.16973876953127,"y":26.2221622467041,"z":-23.211227416992189},"rotation":{"x":0.5055520534515381,"y":0.031049463897943498,"z":-0.01820683851838112,"w":0.8620517253875732},"size":10.134397506713868,"orthographic":false}