{"cameraMode":{"drawMode":0,"name":"Shaded","section":"Shading Mode"},"sceneLighting":true,"audioPlay":false,"sceneViewState":{"m_AlwaysRefresh":false,"showFog":true,"showSkybox":true,"showFlares":true,"showImageEffects":true,"showParticleSystems":true,"showVisualEffectGraphs":true,"m_FxEnabled":true},"in2DMode":false,"pivot":{"x":520.5236206054688,"y":378.25518798828127,"z":-70.1534423828125},"rotation":{"x":0.10122379660606384,"y":0.002985980361700058,"z":-0.000299164472380653,"w":0.9948628544807434},"size":321.64703369140627,"orthographic":false}