{"cameraMode":{"drawMode":0,"name":"Shaded","section":"Shading Mode"},"sceneLighting":true,"audioPlay":false,"sceneViewState":{"m_AlwaysRefresh":false,"showFog":true,"showSkybox":true,"showFlares":true,"showImageEffects":true,"showParticleSystems":true,"showVisualEffectGraphs":true,"m_FxEnabled":true},"in2DMode":false,"pivot":{"x":159.86134338378907,"y":33.57112121582031,"z":-1.9740753173828126},"rotation":{"x":0.21745681762695313,"y":0.2570495009422302,"z":-0.05947910249233246,"w":0.9397370219230652},"size":89.06695556640625,"orthographic":false}