{"cameraMode":{"drawMode":0,"name":"Shaded","section":"Shading Mode"},"sceneLighting":true,"audioPlay":false,"sceneViewState":{"m_AlwaysRefresh":false,"showFog":true,"showSkybox":true,"showFlares":true,"showImageEffects":true,"showParticleSystems":true,"showVisualEffectGraphs":true,"m_FxEnabled":true},"in2DMode":false,"pivot":{"x":567.6067504882813,"y":315.6086120605469,"z":65.23138427734375},"rotation":{"x":0.029378192499279977,"y":-0.03297834098339081,"z":0.000975019414909184,"w":0.9990185499191284},"size":355.19378662109377,"orthographic":false}