{"cameraMode":{"drawMode":0,"name":"Shaded","section":"Shading Mode"},"sceneLighting":true,"audioPlay":false,"sceneViewState":{"m_AlwaysRefresh":false,"showFog":true,"showSkybox":true,"showFlares":true,"showImageEffects":true,"showParticleSystems":true,"showVisualEffectGraphs":true,"m_FxEnabled":true},"in2DMode":false,"pivot":{"x":149.25991821289063,"y":341.8672180175781,"z":26.136016845703126},"rotation":{"x":-0.04972098395228386,"y":0.11956287920475006,"z":0.005998861975967884,"w":0.9915614724159241},"size":216.5967254638672,"orthographic":false}