{"cameraMode":{"drawMode":0,"name":"Shaded","section":"Shading Mode"},"sceneLighting":true,"audioPlay":false,"sceneViewState":{"m_AlwaysRefresh":false,"showFog":true,"showSkybox":true,"showFlares":true,"showImageEffects":true,"showParticleSystems":true,"showVisualEffectGraphs":true,"m_FxEnabled":true},"in2DMode":false,"pivot":{"x":563.2994384765625,"y":282.8577575683594,"z":-95.3604507446289},"rotation":{"x":-0.027598310261964799,"y":0.007497678976505995,"z":0.0002111692156177014,"w":0.9995964765548706},"size":255.71690368652345,"orthographic":false}