{"cameraMode":{"drawMode":0,"name":"Shaded","section":"Shading Mode"},"sceneLighting":true,"audioPlay":false,"sceneViewState":{"m_AlwaysRefresh":false,"showFog":true,"showSkybox":true,"showFlares":true,"showImageEffects":true,"showParticleSystems":true,"showVisualEffectGraphs":true,"m_FxEnabled":true},"in2DMode":false,"pivot":{"x":582.19384765625,"y":296.85125732421877,"z":1.192626953125},"rotation":{"x":0.033889975398778918,"y":-0.008993584662675858,"z":0.00030883305589668453,"w":0.9993880987167358},"size":275.4249267578125,"orthographic":false}